Título;Gênero;Categoria de Gênero;Pré estreia;Temporadas;Quantidade de temporadas;quantidade de episodios;Duração;Duração mínima;Duração máxima;Status;Ativa;Catálogo;Idioma;dt_inclusao;Data de Alteracao
Mindhunter;Crime drama;crime,drama;2023-04-27;1 season, 10 episodes;1;10;34–60 min.;34;60;Renewed;1;Drama;English;2021-03-16;2023-04-27T17:33:17.694Z
Rotten;Documentary;documentary;2023-04-27;1 season, 6 episodes;1;6;48–58 min.;48;58;Ended;0;DocuSeries;English;2021-03-16;2023-04-27T17:33:17.694Z
Trinkets;Coming-of-age drama;coming-of-age,drama;2023-04-27;1 season, 10 episodes;1;10;22–29 min.;22;29;Pending;1;Drama;English;2021-03-16;2023-04-27T17:33:17.694Z
Jimmy: The True Story of a True Idiot;Comedy;comedy;2023-04-27;1 season, 9 episodes;1;9;39–64 min.;39;64;Pending;1;ForeignLanguage;Japanese;2021-03-16;2023-04-27T17:33:17.694Z
Friends from College;Comedy;comedy;2023-04-27;2 seasons, 16 episodes;2;16;26–34 min.;26;34;Ended;0;Comedy;English;2021-03-16;2023-04-27T17:33:17.694Z
Everything Sucks!;Coming-of-age comedy;coming-of-age,comedy;2023-04-27;1 season, 10 episodes;1;10;23–27 min.;23;27;Ended;0;Comedy;English;2021-03-16;2023-04-27T17:33:17.694Z
Hero Mask;Crime;crime;2023-04-27;1 season, 15 episodes;1;15;25 min.;0;0;Pending;1;Anime;English;2021-03-16;2023-04-27T17:33:17.694Z
Knights of the Zodiac: Saint Seiya;Action;action;2023-04-27;a ser anunciado;0;0;TBA;0;0;Pending;1;Anime;English;2021-03-16;2023-04-27T17:33:17.694Z
The Crown;Historical drama;historical,drama;2023-04-27;2 seasons, 20 episodes;2;20;54–61 min.;54;61;Renewed;1;Drama;English;2021-03-16;2023-04-27T17:33:17.694Z
Baby;Drama;drama;2023-04-27;1 season, 6 episodes;1;6;40–49 min.;40;49;Renewed;1;ForeignLanguage;Italian;2021-03-16;2023-04-27T17:33:17.694Z
Amazing Interiors;Reality;reality;2023-04-27;1 season, 12 episodes;1;12;21–28 min.;21;28;Pending;1;Reality;English;2021-03-16;2023-04-27T17:33:17.694Z
The Kominsky Method;Comedy;comedy;2023-04-27;1 season, 8 episodes;1;8;23–34 min.;23;34;Renewed;1;Comedy;English;2021-03-16;2023-04-27T17:33:17.694Z
Sex Education;Coming-of-age comedy-drama;coming-of-age,comedy-drama;2023-04-27;1 season, 8 episodes;1;8;47–53 min.;47;53;Renewed;1;Comedy;English;2021-03-16;2023-04-27T17:33:17.694Z
Nailed It!;Competition;competition;2023-04-27;3 seasons, 19 episodes;3;19;12–35 min.;12;35;Pending;1;Reality;English;2021-03-16;2023-04-27T17:33:17.694Z
The Rain;Post-apocalyptic drama;post-apocalyptic,drama;2023-04-27;2 seasons, 14 episodes;2;14;36–49 min.;36;49;Renewed;1;ForeignLanguage;Danish;2021-03-16;2023-04-27T17:33:17.694Z
Samantha!;Comedy;comedy;2023-04-27;2 seasons, 14 episodes;2;14;25–37 min.;25;37;Pending;1;ForeignLanguage;Portuguese;2021-03-16;2023-04-27T17:33:17.694Z
Jailbirds;Reality television;reality,television;2023-04-27;1 season, 10 episodes;1;10;37–47 min.;37;47;Pending;1;Reality;English;2021-03-16;2023-04-27T17:33:17.694Z
13 Reasons Why;Teen drama/mystery;teen,drama,mystery;2023-04-27;2 seasons, 26 episodes;2;26;49–70 min.;49;70;Renewed;1;Drama;English;2021-03-16;2023-04-27T17:33:17.694Z
Ever After High;childrens-animation;childrens-animation;2023-04-27;5 seasons, 17 episodes;5;17;23–47 min.;23;47;Ended;0;Children;English;2021-03-16;2023-04-27T17:33:17.694Z
Jack Whitehall: Travels with My Father;Travel documentary;travel,documentary;2023-04-27;2 seasons, 11 episodes;2;11;28–32 min.;28;32;Pending;1;DocuSeries;English;2021-03-16;2023-04-27T17:33:17.694Z
Shot in the Dark;True crime;true,crime;2023-04-27;1 season, 8 episodes;1;8;34–41 min.;34;41;Ended;0;DocuSeries;English;2021-03-16;2023-04-27T17:33:17.694Z
Killer Ratings;Docu-series;docu-series;2023-04-27;1 season, 7 episodes;1;7;42–58 min.;42;58;Pending;1;DocuSeries;English;2021-03-16;2023-04-27T17:33:17.694Z
The Innocents;Supernatural fiction;supernatural,fiction;2023-04-27;1 season, 8 episodes;1;8;46–56 min.;46;56;Ended;0;Drama;English;2021-03-16;2023-04-27T17:33:17.694Z
The Order;Supernatural horror drama;supernatural,horror,drama;2023-04-27;1 season, 10 episodes;1;10;42–51 min.;42;51;Renewed;1;Drama;English;2021-03-16;2023-04-27T17:33:17.694Z
Trailer Park Boys Out of the Park: Europe;Mockumentary;mockumentary;2023-04-27;1 season, 8 episodes;1;8;22–30 min.;22;30;Ended;0;Comedy;English;2021-03-16;2023-04-27T17:33:17.694Z
The Adventures of Puss in Boots;childrens-animation;childrens-animation;2023-04-27;6 seasons, 78 episodes;6;78;22–24 min.;22;24;Ended;0;Children;English;2021-03-16;2023-04-27T17:33:17.694Z
3Below: Tales of Arcadia;childrens-animation;childrens-animation;2023-04-27;1 part, 13 episodes;0;13;23–24 min.;23;24;Renewed;1;Children;English;2021-03-16;2023-04-27T17:33:17.694Z
Roman Empire;Historical drama;historical,drama;2023-04-27;3 seasons, 15 episodes;3;15;38–48 min.;38;48;Pending;1;DocuSeries;English;2021-03-16;2023-04-27T17:33:17.694Z
Ugly Delicious;Travel documentary;travel,documentary;2023-04-27;1 season, 8 episodes;1;8;46–55 min.;46;55;Renewed;1;DocuSeries;English;2021-03-16;2023-04-27T17:33:17.694Z
Flaked;Comedy;comedy;2023-04-27;2 seasons, 14 episodes;2;14;30–34 min.;30;34;Ended;0;Comedy;English;2021-03-16;2023-04-27T17:33:17.694Z
My Only Love Song;Comedy;comedy;2023-04-27;1 season, 20 episodes;1;20;27–30 min.;27;30;Ended;0;ForeignLanguage;Korean;2021-03-16;2023-04-27T17:33:17.694Z
Luna Petunia: Return to Amazia;childrens-animation;childrens-animation;2023-04-27;2 seasons, 11 episodes;2;11;24 min.;24;24;Ended;0;Children;English;2021-03-16;2023-04-27T17:33:17.694Z
Carmen Sandiego;childrens-animation;childrens-animation;2023-04-27;1 season, 9 episodes;1;9;23–33 min.;23;33;Renewed;1;Children;English;2021-03-16;2023-04-27T17:33:17.694Z
Best.Worst.Weekend.Ever.;Comedy;comedy;2023-04-27;8 episodes;0;8;22–28 min.;22;28;Miniseries;0;Children;English;2021-03-16;2023-04-27T17:33:17.694Z
Turn Up Charlie;Comedy;comedy;2023-04-27;1 season, 8 episodes;1;8;25–29 min.;25;29;Pending;1;Comedy;English;2021-03-16;2023-04-27T17:33:17.694Z
0.03;Science fiction;science-fiction;2023-04-27;3 seasons, 26 episodes;3;26;38–51 min.;38;51;Pending;1;ForeignLanguage;Portuguese;2021-03-16;2023-04-27T17:33:17.694Z
Llama Llama;childrens-animation;childrens-animation;2023-04-27;1 season, 15 episodes;1;15;24 min.;24;24;Renewed;1;Children;English;2021-03-16;2023-04-27T17:33:17.694Z
Orange Is the New Black;Comedy-drama;comedy-drama;2023-04-27;6 seasons, 78 episodes;6;78;50–92 min.;50;92;Renewed;1;Drama;English;2021-03-16;2023-04-27T17:33:17.694Z
Super Monsters;childrens-animation;childrens-animation;2023-04-27;2 seasons, 16 episodes;2;16;22–23 min.;22;23;Renewed;1;Children;English;2021-03-16;2023-04-27T17:33:17.694Z
Alexa & Katie;Sitcom;sitcom;2023-04-27;2 seasons, 23 episodes;2;23;22–30 min.;22;30;Renewed;1;Children;English;2021-03-16;2023-04-27T17:33:17.694Z
Salt, Fat, Acid, Heat;Travel documentary;travel,documentary;2023-04-27;4 episodes;0;4;40–48 min.;40;48;Miniseries;0;DocuSeries;English;2021-03-16;2023-04-27T17:33:17.694Z
Chambers;Teen psychological thriller;teen,psychological,thriller;2023-04-27;1 season, 10 episodes;1;10;38–51 min.;38;51;Ended;0;Drama;English;2021-03-16;2023-04-27T17:33:17.694Z
7 Seeds;Science fiction;science-fiction;2023-04-27;a ser anunciado;0;0;TBA;0;0;Pending;1;Anime;English;2021-03-16;2023-04-27T17:33:17.694Z
Hilda;childrens-animation;childrens-animation;2023-04-27;1 season, 13 episodes;1;13;24 min.;24;24;Renewed;1;Children;English;2021-03-16;2023-04-27T17:33:17.694Z
Suburra: Blood on Rome;Crime drama;crime,drama;2023-04-27;2 seasons, 18 episodes;2;18;42–62 min.;42;62;Renewed;1;ForeignLanguage;Italian;2021-03-16;2023-04-27T17:33:17.694Z
Boca Juniors Confidential;Docu-series;docu-series;2023-04-27;1 season, 4 episodes;1;4;40–44 min.;40;44;Pending;1;DocuSeries;English;2021-03-16;2023-04-27T17:33:17.694Z
The Joel McHale Show with Joel McHale;Comedy;comedy;2023-04-27;2 parts, 19 episodes;0;19;22–28 min.;22;28;Ended;0;VarietyTalk;English;2021-03-16;2023-04-27T17:33:17.694Z
Conversations with a Killer: The Ted Bundy Tapes;True crime;true,crime;2023-04-27;4 episodes;0;4;51–74 min.;51;74;Miniseries;0;DocuSeries;English;2021-03-16;2023-04-27T17:33:17.694Z
Dragons: Race to the Edge;childrens-animation;childrens-animation;2023-04-27;6 seasons, 78 episodes;6;78;22–23 min.;22;23;Ended;0;Children;English;2021-03-16;2023-04-27T17:33:17.694Z
Chef's Table: France;Culinary art;culinary,art;2023-04-27;1 season, 4 episodes;1;4;41–54 min.;41;54;Ended;0;DocuSeries;English;2021-03-16;2023-04-27T17:33:17.694Z
Larry Charles: The Dangerous World of Comedy;Docu-series;docu-series;2023-04-27;1 season, 4 episodes;1;4;51–66 min.;51;66;Pending;1;DocuSeries;English;2021-03-16;2023-04-27T17:33:17.694Z
Tidying Up with Marie Kondo;Reality show;reality,show;2023-04-27;1 season, 8 episodes;1;8;35–47 min.;35;47;Pending;1;Reality;English;2021-03-16;2023-04-27T17:33:17.694Z
The Break with Michelle Wolf;Late-night;late-night;2023-04-27;1 season, 10 episodes;1;10;27 min.;27;27;Renewed;1;VarietyTalk;English;2021-03-16;2023-04-27T17:33:17.694Z
Godless;Western;western;2023-04-27;7 episodes;0;7;41–80 min.;41;80;Miniseries;0;Drama;English;2021-03-16;2023-04-27T17:33:17.694Z
The Mechanism;Crime drama;crime,drama;2023-04-27;2 seasons, 16 episodes;2;16;39–55 min.;39;55;Pending;1;ForeignLanguage;Portuguese;2021-03-16;2023-04-27T17:33:17.694Z
High Seas;Mystery period drama;mystery,period,drama;2023-04-27;1 season, 8 episodes;1;8;39–49 min.;39;49;Renewed;1;ForeignLanguage;Spanish;2021-03-16;2023-04-27T17:33:17.694Z
Iron Fist;Martial arts/business drama;martial,arts,business,drama;2023-04-27;2 seasons, 23 episodes;2;23;49–61 min.;49;61;Ended;0;Marvel;English;2021-03-16;2023-04-27T17:33:17.694Z
The Hollow;childrens-animation;childrens-animation;2023-04-27;1 season, 10 episodes;1;10;24 min.;24;24;Renewed;1;Children;English;2021-03-16;2023-04-27T17:33:17.694Z
Formula 1: Drive to Survive;Sport;sport;2023-04-27;1 season, 10 episodes;1;10;27–41 min.;27;41;Pending;1;DocuSeries;English;2021-03-16;2023-04-27T17:33:17.694Z
Pinky Malinky;childrens-animation;childrens-animation;2023-04-27;2 parts, 44 episodes;0;44;12–23 min.;12;23;Renewed;1;Children;English;2021-03-16;2023-04-27T17:33:17.694Z
Selection Day;Drama;drama;2023-04-27;1 season, 12 episodes;1;12;19–28 min.;19;28;Pending;1;ForeignLanguage;Hindi;2021-03-16;2023-04-27T17:33:17.694Z
Awake: The Million Dollar Game;Reality television;reality,television;2023-04-27;1 season, 8 episodes;1;8;35–41 min.;35;41;Pending;1;Reality;English;2021-03-16;2023-04-27T17:33:17.694Z
Family Business;Comedy;comedy;2023-04-27;a ser anunciado;0;0;29 min.;0;0;Pending;1;ForeignLanguage;French;2021-03-16;2023-04-27T17:33:17.694Z
13 Reasons Why: Beyond the Reasons;Interview;interview;2023-04-27;2 seasons, 2 episodes;2;2;29–67 min.;29;67;Pending;1;DocuSeries;English;2021-03-16;2023-04-27T17:33:17.694Z
Norm Macdonald Has a Show;Talk show;talk,show;2023-04-27;1 season, 10 episodes;1;10;26–35 min.;26;35;Pending;1;VarietyTalk;English;2021-03-16;2023-04-27T17:33:17.694Z
The Politician;Comedy;comedy;2023-04-27;a ser anunciado;0;0;TBA;0;0;Renewed;1;Comedy;English;2021-03-16;2023-04-27T17:33:17.694Z
The Dragon Prince;childrens-animation;childrens-animation;2023-04-27;2 seasons, 18 episodes;2;18;25–27 min.;25;27;Renewed;1;Children;English;2021-03-16;2023-04-27T17:33:17.694Z
Dogs;Docu-series;docu-series;2023-04-27;1 season, 6 episodes;1;6;50–53 min.;50;53;Renewed;1;DocuSeries;English;2021-03-16;2023-04-27T17:33:17.694Z
The Curious Creations of Christine McConnell;Cooking show;cooking,show;2023-04-27;1 season, 6 episodes;1;6;24–29 min.;24;29;Ended;0;Reality;English;2021-03-16;2023-04-27T17:33:17.694Z
It's Bruno!;Comedy;comedy;2023-04-27;1 season, 8 episodes;1;8;12–21 min.;12;21;Pending;1;Comedy;English;2021-03-16;2023-04-27T17:33:17.694Z
Richie Rich;Sitcom;sitcom;2023-04-27;2 seasons, 21 episodes;2;21;21–23 min.;21;23;Ended;0;Children;English;2021-03-16;2023-04-27T17:33:17.694Z
Free Rein;Teen drama;teen,drama;2023-04-27;2 seasons, 20 episodes;2;20;25–34 min.;25;34;Renewed;1;Children;English;2021-03-16;2023-04-27T17:33:17.694Z
Leila;Drama;drama;2023-04-27;1 season, 6 episodes;1;6;40–54 min.;40;54;Pending;1;ForeignLanguage;Hindi;2021-03-16;2023-04-27T17:33:17.694Z
First and Last;Reality;reality;2023-04-27;1 season, 6 episodes;1;6;38–43 min.;38;43;Pending;1;Reality;English;2021-03-16;2023-04-27T17:33:17.694Z
Lost in Space;Science fiction;science-fiction;2023-04-27;1 season, 10 episodes;1;10;48–66 min.;48;66;Renewed;1;Drama;English;2021-03-16;2023-04-27T17:33:17.694Z
Club de Cuervos;Comedy-drama;comedy-drama;2023-04-27;4 seasons, 45 episodes;4;45;36–94 min.;36;94;Ended;0;ForeignLanguage;Spanish;2021-03-16;2023-04-27T17:33:17.694Z
Street Food;Culinary art;culinary,art;2023-04-27;1 season, 9 episodes;1;9;30–34 min.;30;34;Pending;1;DocuSeries;English;2021-03-16;2023-04-27T17:33:17.694Z
Battlefish;Reality;reality;2023-04-27;1 season, 8 episodes;1;8;38–46 min.;38;46;Pending;1;Reality;English;2021-03-16;2023-04-27T17:33:17.694Z
The Keepers;Crime drama;crime,drama;2023-04-27;7 episodes;0;7;56–66 min.;56;66;Miniseries;0;DocuSeries;English;2021-03-16;2023-04-27T17:33:17.694Z
The Confession Tapes;True crime;true,crime;2023-04-27;2 seasons, 11 episodes;2;11;41–54 min.;41;54;Pending;1;DocuSeries;English;2021-03-16;2023-04-27T17:33:17.694Z
1994;Docu-series;docu-series;2023-04-27;5 episodes;0;5;44–52 min.;44;52;Miniseries;0;DocuSeries;English;2021-03-16;2023-04-27T17:33:17.694Z
The Good Cop;Police procedural comedy-drama;police,procedural,comedy-drama;2023-04-27;1 season, 10 episodes;1;10;43–49 min.;43;49;Ended;0;Drama;English;2021-03-16;2023-04-27T17:33:17.694Z
Daredevil;Crime drama/legal drama;crime,drama,legal,drama;2023-04-27;3 seasons, 39 episodes;3;39;46–61 min.;46;61;Ended;0;Marvel;English;2021-03-16;2023-04-27T17:33:17.694Z
Persona;Drama anthology series;drama,anthology,series;2023-04-27;1 season, 4 episodes;1;4;19–27 min.;19;27;Ended;0;ForeignLanguage;Korean;2021-03-16;2023-04-27T17:33:17.694Z
Castlevania;Dark fantasy;dark,fantasy;2023-04-27;2 seasons, 12 episodes;2;12;23–29 min.;23;29;Renewed;1;Anime;English;2021-03-16;2023-04-27T17:33:17.694Z
Élite;Crime teen drama;crime,teen,drama;2023-04-27;1 season, 8 episodes;1;8;47–56 min.;47;56;Renewed;1;ForeignLanguage;Spanish;2021-03-16;2023-04-27T17:33:17.694Z
Go! Live Your Way;Musical;musical;2023-04-27;2 seasons, 30 episodes;2;30;36–44 min.;36;44;Pending;1;ForeignLanguage;Spanish;2021-03-16;2023-04-27T17:33:17.694Z
Dope;Documentary;documentary;2023-04-27;2 seasons, 8 episodes;2;8;43–48 min.;43;48;Renewed;1;DocuSeries;English;2021-03-16;2023-04-27T17:33:17.694Z
Baki;Martial arts;martial,arts;2023-04-27;2 parts, 26 episodes;0;26;23–24 min.;23;24;Renewed;1;Anime;English;2021-03-16;2023-04-27T17:33:17.694Z
The Boss Baby: Back in Business;childrens-animation;childrens-animation;2023-04-27;2 seasons, 26 episodes;2;26;24 min.;24;24;Pending;1;Children;English;2021-03-16;2023-04-27T17:33:17.694Z
Cooked;Culinary art;culinary,art;2023-04-27;4 episodes;0;4;50–58 min.;50;58;Miniseries;0;DocuSeries;English;2021-03-16;2023-04-27T17:33:17.694Z
Fearless;Sport;sport;2023-04-27;6 episodes;0;6;50–58 min.;50;58;Miniseries;0;DocuSeries;English;2021-03-16;2023-04-27T17:33:17.694Z
B: The Beginning;Suspense;suspense;2023-04-27;1 season, 12 episodes;1;12;25–27 min.;25;27;Renewed;1;Anime;English;2021-03-16;2023-04-27T17:33:17.694Z
Losers;Sport;sport;2023-04-27;1 collection, 8 episodes;0;8;25–37 min.;25;37;Pending;1;DocuSeries;English;2021-03-16;2023-04-27T17:33:17.694Z
YooHoo to the Rescue;childrens-animation;childrens-animation;2023-04-27;1 season, 26 episodes;1;26;13–14 min.;13;14;Pending;1;Children;English;2021-03-16;2023-04-27T17:33:17.694Z
Coach Snoop;Sport;sport;2023-04-27;1 season, 8 episodes;1;8;28–30 min.;28;30;Ended;0;DocuSeries;English;2021-03-16;2023-04-27T17:33:17.694Z
Patriot Act with Hasan Minhaj;Talk show;talk,show;2023-04-27;3 volumes, 19 episodes;0;19;23–30 min.;23;30;Renewed;1;VarietyTalk;English;2021-03-16;2023-04-27T17:33:17.694Z
FightWorld;Travel documentary;travel,documentary;2023-04-27;1 season, 5 episodes;1;5;41–44 min.;41;44;Pending;1;DocuSeries;English;2021-03-16;2023-04-27T17:33:17.694Z
Russell Peters Vs. the World;Comedy;comedy;2023-04-27;1 season, 4 episodes;1;4;26–29 min.;26;29;Ended;0;DocuSeries;English;2021-03-16;2023-04-27T17:33:17.694Z
Explained;Docu-series;docu-series;2023-04-27;1 season, 20 episodes;1;20;14–20 min.;14;20;Renewed;1;DocuSeries;English;2021-03-16;2023-04-27T17:33:17.694Z
Shadow;Thriller;thriller;2023-04-27;1 season, 8 episodes;1;8;40–49 min.;40;49;Pending;1;Drama;English;2021-03-16;2023-04-27T17:33:17.694Z
Edgar Rice Burroughs' Tarzan and Jane;childrens-animation;childrens-animation;2023-04-27;2 seasons, 13 episodes;2;13;22 min.;22;22;Ended;0;Children;English;2021-03-16;2023-04-27T17:33:17.694Z
She-Ra and the Princesses of Power;childrens-animation;childrens-animation;2023-04-27;2 seasons, 20 episodes;2;20;24 min.;24;24;Renewed;1;Children;English;2021-03-16;2023-04-27T17:33:17.694Z
Making a Murderer;Crime drama;crime,drama;2023-04-27;2 parts, 20 episodes;0;20;47–77 min.;47;77;Pending;1;DocuSeries;English;2021-03-16;2023-04-27T17:33:17.694Z
Hemlock Grove;Horror/thriller;horror,thriller;2023-04-27;3 seasons, 33 episodes;3;33;45–58 min.;45;58;Ended;0;Drama;English;2021-03-16;2023-04-27T17:33:17.694Z
Bonding;Dark comedy;dark,comedy;2023-04-27;1 season, 7 episodes;1;7;13–17 min.;13;17;Pending;1;Comedy;English;2021-03-16;2023-04-27T17:33:17.694Z
Typewriter;Horror;horror;2023-04-27;a ser anunciado;0;0;TBA;0;0;Pending;1;ForeignLanguage;Hindi;2021-03-16;2023-04-27T17:33:17.694Z
Westside;Music;music;2023-04-27;1 season, 8 episodes;1;8;46–58 min.;46;58;Pending;1;Reality;English;2021-03-16;2023-04-27T17:33:17.694Z
Wet Hot American Summer: First Day of Camp;Satirical comedy;satirical,comedy;2023-04-27;8 episodes;0;8;27–30 min.;27;30;Miniseries;0;Comedy;English;2021-03-16;2023-04-27T17:33:17.694Z
Legend Quest;childrens-animation;childrens-animation;2023-04-27;1 season, 13 episodes;1;13;22 min.;22;22;Renewed;1;Children;English;2021-03-16;2023-04-27T17:33:17.694Z
White Rabbit Project;Science investigation;science,investigation;2023-04-27;1 season, 10 episodes;1;10;45–48 min.;45;48;Ended;0;Reality;English;2021-03-16;2023-04-27T17:33:17.694Z
My First First Love;Romantic comedy;romantic,comedy;2023-04-27;1 season, 8 episodes;1;8;46–56 min.;46;56;Renewed;1;ForeignLanguage;Korean;2021-03-16;2023-04-27T17:33:17.694Z
Sugar Rush;Baking competition;baking,competition;2023-04-27;1 season, 8 episodes;1;8;51–55 min.;51;55;Renewed;1;Reality;English;2021-03-16;2023-04-27T17:33:17.694Z
I Think You Should Leave with Tim Robinson;Sketch comedy;sketch,comedy;2023-04-27;1 season, 6 episodes;1;6;16–18 min.;16;18;Renewed;1;Comedy;English;2021-03-16;2023-04-27T17:33:17.694Z
Marco Polo;Historical drama;historical,drama;2023-04-27;2 seasons, 20 episodes;2;20;48–65 min.;48;65;Ended;0;Drama;English;2021-03-16;2023-04-27T17:33:17.694Z
Black Summer;Zombie drama;zombie,drama;2023-04-27;1 season, 8 episodes;1;8;21–45 min.;21;45;Pending;1;Drama;English;2021-03-16;2023-04-27T17:33:17.694Z
Mighty Little Bheem;childrens-animation;childrens-animation;2023-04-27;1 season, 21 episodes;1;21;6–7 min.;6;7;Pending;1;Children;English;2021-03-16;2023-04-27T17:33:17.694Z
The Day I Met El Chapo;Biography;biography;2023-04-27;1 season, 3 episodes;1;3;48–61 min.;48;61;Ended;0;DocuSeries;English;2021-03-16;2023-04-27T17:33:17.694Z
Love, Death & Robots;Anthology;anthology;2023-04-27;1 volume, 18 episodes;0;18;6–17 min.;6;17;Renewed;1;Animation;English;2021-03-16;2023-04-27T17:33:17.694Z
Crime Diaries: Night Out;Crime anthology series;crime,anthology,series;2023-04-27;8 episodes;0;8;38–48 min.;38;48;Miniseries;0;ForeignLanguage;Spanish;2021-03-16;2023-04-27T17:33:17.694Z
Jessica Jones;Neo-noir/psychological thriller;neo-noir,psychological,thriller;2023-04-27;3 seasons, 39 episodes;3;39;44–56 min.;44;56;Ended;0;Marvel;English;2021-03-16;2023-04-27T17:33:17.694Z
The Epic Tales of Captain Underpants;childrens-animation;childrens-animation;2023-04-27;2 seasons, 26 episodes;2;26;24 min.;24;24;Renewed;1;Children;English;2021-03-16;2023-04-27T17:33:17.694Z
Diablero;Horror fantasy thriller;horror,fantasy,thriller;2023-04-27;1 season, 8 episodes;1;8;36–44 min.;36;44;Renewed;1;ForeignLanguage;Spanish;2021-03-16;2023-04-27T17:33:17.694Z
Bill Nye Saves the World;Science;science;2023-04-27;3 seasons, 25 episodes;3;25;26–41 min.;26;41;Ended;0;VarietyTalk;English;2021-03-16;2023-04-27T17:33:17.694Z
Spy Kids: Mission Critical;childrens-animation;childrens-animation;2023-04-27;2 seasons, 20 episodes;2;20;23–25 min.;23;23;Pending;1;Children;English;2021-03-16;2023-04-27T17:33:17.694Z
Trailer Park Boys: The Animated Series;Mockumentary;mockumentary;2023-04-27;1 season, 10 episodes;1;10;24–25 min.;24;25;Pending;1;Animation;English;2021-03-16;2023-04-27T17:33:17.694Z
The Last Czars;Docu-series;docu-series;2023-04-27;a ser anunciado;0;0;TBA;0;0;Pending;1;DocuSeries;English;2021-03-16;2023-04-27T17:33:17.694Z
Lady Dynamite;Comedy;comedy;2023-04-27;2 seasons, 20 episodes;2;20;26–36 min.;26;36;Ended;0;Comedy;English;2021-03-16;2023-04-27T17:33:17.694Z
Yankee;Drama;drama;2023-04-27;1 season, 25 episodes;1;25;36–44 min.;36;44;Pending;1;ForeignLanguage;Spanish;2021-03-16;2023-04-27T17:33:17.694Z
The Disappearance of Madeleine McCann;True crime;true,crime;2023-04-27;8 episodes;0;8;43–65 min.;43;65;Miniseries;0;DocuSeries;English;2021-03-16;2023-04-27T17:33:17.694Z
Ask the StoryBots;childrens-animation;childrens-animation;2023-04-27;2 seasons, 14 episodes;2;14;20–28 min.;20;28;Renewed;1;Children;English;2021-03-16;2023-04-27T17:33:17.694Z
72 Dangerous Animals: Latin America;Nature;nature;2023-04-27;1 season, 12 episodes;1;12;41–46 min.;41;46;Ended;0;DocuSeries;English;2021-03-16;2023-04-27T17:33:17.694Z
Voltron: Legendary Defender;childrens-animation;childrens-animation;2023-04-27;8 seasons, 78 episodes;8;78;23–68 min.;23;68;Ended;0;Children;English;2021-03-16;2023-04-27T17:33:17.694Z
Justin Time GO!;childrens-animation;childrens-animation;2023-04-27;1 season, 13 episodes;1;13;22 min.;22;22;Ended;0;Children;English;2021-03-16;2023-04-27T17:33:17.694Z
Car Masters: Rust to Riches;Motoring television series;motoring,television,series;2023-04-27;1 season, 8 episodes;1;8;31–40 min.;31;40;Pending;1;Reality;English;2021-03-16;2023-04-27T17:33:17.694Z
A Series of Unfortunate Events;Black-comedy mystery;black-comedy,mystery;2023-04-27;3 seasons, 25 episodes;3;25;36–64 min.;36;64;Ended;0;Drama;English;2021-03-16;2023-04-27T17:33:17.694Z
GLOW;Comedy;comedy;2023-04-27;2 seasons, 20 episodes;2;20;27–46 min.;27;46;Renewed;1;Comedy;English;2021-03-16;2023-04-27T17:33:17.694Z
VeggieTales in the City;childrens-animation;childrens-animation;2023-04-27;2 seasons, 26 episodes;2;26;23 min.;23;23;Ended;0;Children;English;2021-03-16;2023-04-27T17:33:17.694Z
The Ponysitters Club;Drama;drama;2023-04-27;2 seasons, 20 episodes;2;20;23 min.;23;23;Pending;1;Children;English;2021-03-16;2023-04-27T17:33:17.694Z
Lunatics;Comedy;comedy;2023-04-27;1 season, 10 episodes;1;10;33–38 min.;33;38;Pending;1;Comedy;English;2021-03-16;2023-04-27T17:33:17.694Z
Malibu Rescue: The Series;Comedy;comedy;2023-04-27;1 season, 8 episodes;1;8;22–26 min.;22;26;Pending;1;Children;English;2021-03-16;2023-04-27T17:33:17.694Z
Girls Incarcerated;Documentary;documentary;2023-04-27;2 seasons, 16 episodes;2;16;37–47 min.;37;47;Pending;1;DocuSeries;English;2021-03-16;2023-04-27T17:33:17.694Z
Evil Genius: The True Story of America's Most Diabolical Bank Heist;True crime;true,crime;2023-04-27;4 episodes;0;4;46–54 min.;46;54;Miniseries;0;DocuSeries;English;2021-03-16;2023-04-27T17:33:17.694Z
The Get Down;Musical drama;musical,drama;2023-04-27;2 parts, 11 episodes;0;11;50–93 min.;50;93;Ended;0;Drama;English;2021-03-16;2023-04-27T17:33:17.694Z
Mystery Science Theater 3000: The Return;Comic science fiction;comic,science-fiction;2023-04-27;2 seasons, 20 episodes;2;20;86–94 min.;86;94;Pending;1;Comedy;English;2021-03-16;2023-04-27T17:33:17.694Z
Girlboss;Comedy;comedy;2023-04-27;1 season, 13 episodes;1;13;24–29 min.;24;29;Ended;0;Comedy;English;2021-03-16;2023-04-27T17:33:17.694Z
The Protector;Supernatural mystery;supernatural,mystery;2023-04-27;2 seasons, 18 episodes;2;18;31–51 min.;31;51;Renewed;1;ForeignLanguage;Turkish;2021-03-16;2023-04-27T17:33:17.694Z
Dead to Me;Dark comedy-drama;dark,comedy-drama;2023-04-27;1 season, 10 episodes;1;10;26–33 min.;26;33;Renewed;1;Comedy;English;2021-03-16;2023-04-27T17:33:17.694Z
Ghoul;Horror miniseries;horror,miniseries;2023-04-27;3 episodes;0;3;44–50 min.;44;50;Miniseries;0;ForeignLanguage;Hindi;2021-03-16;2023-04-27T17:33:17.694Z
The Fix;Panel show;panel,show;2023-04-27;1 season, 10 episodes;1;10;23–31 min.;23;31;Pending;1;VarietyTalk;English;2021-03-16;2023-04-27T17:33:17.694Z
BoJack Horseman;Black comedy-drama;black,comedy-drama;2023-04-27;5 seasons, 61 episodes;5;61;25–26 min.;25;26;Renewed;1;Animation;English;2021-03-16;2023-04-27T17:33:17.694Z
Larva Island;childrens-animation;childrens-animation;2023-04-27;2 seasons, 26 episodes;2;26;8 min.;8;8;Pending;1;Children;English;2021-03-16;2023-04-27T17:33:17.694Z
Always a Witch;Supernatural drama;supernatural,drama;2023-04-27;1 season, 10 episodes;1;10;39–43 min.;39;43;Renewed;1;ForeignLanguage;Spanish;2021-03-16;2023-04-27T17:33:17.694Z
Nailed It! Mexico;Reality;reality;2023-04-27;1 season, 6 episodes;1;6;32–34 min.;32;34;Pending;1;Reality;English;2021-03-16;2023-04-27T17:33:17.694Z
A.I.C.O. -Incarnation-;Science fiction;science-fiction;2023-04-27;1 season, 12 episodes;1;12;25–29 min.;25;29;Ended;0;Anime;English;2021-03-16;2023-04-27T17:33:17.694Z
Jinn;Fantasy adventure;fantasy,adventure;2023-04-27;1 season, 5 episodes;1;5;25–47 min.;25;47;Pending;1;ForeignLanguage;Arabic;2021-03-16;2023-04-27T17:33:17.694Z
Selling Sunset;Reality;reality;2023-04-27;1 season, 8 episodes;1;8;28–42 min.;28;42;Pending;1;Reality;English;2021-03-16;2023-04-27T17:33:17.694Z
Cupcake & Dino: General Services;childrens-animation;childrens-animation;2023-04-27;2 seasons, 26 episodes;2;26;22–23 min.;22;23;Pending;1;Children;English;2021-03-16;2023-04-27T17:33:17.694Z
Dating Around;Reality;reality;2023-04-27;1 season, 6 episodes;1;6;24–30 min.;24;30;Pending;1;Reality;English;2021-03-16;2023-04-27T17:33:17.694Z
Charlie's Colorforms City;childrens-animation;childrens-animation;2023-04-27;1 season, 13 episodes;1;13;25 min.;25;25;Pending;1;Children;English;2021-03-16;2023-04-27T17:33:17.694Z
Dirty Money;Documentary;documentary;2023-04-27;1 season, 6 episodes;1;6;50–77 min.;50;77;Renewed;1;DocuSeries;English;2021-03-16;2023-04-27T17:33:17.694Z
The Toys That Made Us;Documentary;documentary;2023-04-27;2 seasons, 8 episodes;2;8;43–51 min.;43;51;Renewed;1;DocuSeries;English;2021-03-16;2023-04-27T17:33:17.694Z
The Defenders;Superhero action/drama;superhero,action,drama;2023-04-27;8 episodes;0;8;44–57 min.;44;57;Miniseries;0;Marvel;English;2021-03-16;2023-04-27T17:33:17.694Z
Our Planet;Nature documentary;nature,documentary;2023-04-27;8 episodes;0;8;49–54 min.;49;54;Miniseries;0;DocuSeries;English;2021-03-16;2023-04-27T17:33:17.694Z
Maniac;Dark comedy;dark,comedy;2023-04-27;10 episodes;0;10;27–47 min.;27;47;Miniseries;0;Comedy;English;2021-03-16;2023-04-27T17:33:17.694Z
After Life;Comedy;comedy;2023-04-27;1 season, 6 episodes;1;6;25–31 min.;25;31;Renewed;1;Comedy;English;2021-03-16;2023-04-27T17:33:17.694Z
Switched;Science fiction;science-fiction;2023-04-27;1 season, 6 episodes;1;6;33–44 min.;33;44;Ended;0;ForeignLanguage;Japanese;2021-03-16;2023-04-27T17:33:17.694Z
My Next Guest Needs No Introduction with David Letterman;Interview;interview;2023-04-27;2 seasons, 12 episodes;2;12;41–58 min.;41;58;Pending;1;VarietyTalk;English;2021-03-16;2023-04-27T17:33:17.694Z
The House of Flowers;Comedy;comedy;2023-04-27;1 season, 13 episodes;1;13;27–37 min.;27;37;Renewed;1;ForeignLanguage;Spanish;2021-03-16;2023-04-27T17:33:17.694Z
Terrorism Close Calls;Docu-series;docu-series;2023-04-27;1 season, 10 episodes;1;10;47–49 min.;47;49;Pending;1;DocuSeries;English;2021-03-16;2023-04-27T17:33:17.694Z
Rapture;Documentary;documentary;2023-04-27;1 season, 8 episodes;1;8;52–63 min.;52;63;Ended;0;DocuSeries;English;2021-03-16;2023-04-27T17:33:17.694Z
All Hail King Julien;childrens-animation;childrens-animation;2023-04-27;5 seasons, 65 episodes;5;65;23 min.;23;23;Ended;0;Children;English;2021-03-16;2023-04-27T17:33:17.694Z
Super Monsters Monster Pets;childrens-animation;childrens-animation;2023-04-27;1 season, 5 episodes;1;5;9–12 min.;9;12;Pending;1;Children;English;2021-03-16;2023-04-27T17:33:17.694Z
Seven Seconds;Crime drama;crime,drama;2023-04-27;1 season, 10 episodes;1;10;54–80 min.;54;80;Ended;0;Drama;English;2021-03-16;2023-04-27T17:33:17.694Z
Kingdom;Fantasy;fantasy;2023-04-27;1 season, 6 episodes;1;6;44–57 min.;44;57;Renewed;1;ForeignLanguage;Korean;2021-03-16;2023-04-27T17:33:17.694Z
Fuller House;Sitcom;sitcom;2023-04-27;4 seasons, 57 episodes;4;57;24–36 min.;24;36;Renewed;1;Comedy;English;2021-03-16;2023-04-27T17:33:17.694Z
Dinotrux Supercharged;childrens-animation;childrens-animation;2023-04-27;3 seasons, 26 episodes;3;26;24 min.;24;24;Ended;0;Children;English;2021-03-16;2023-04-27T17:33:17.694Z
Captive;Documentary;documentary;2023-04-27;8 episodes;0;8;59–73 min.;59;73;Miniseries;0;DocuSeries;English;2021-03-16;2023-04-27T17:33:17.694Z
Quicksand;Crime drama;crime,drama;2023-04-27;1 season, 6 episodes;1;6;41–49 min.;41;49;Pending;1;ForeignLanguage;Swedish;2021-03-16;2023-04-27T17:33:17.694Z
Sintonia;Drama;drama;2023-04-27;a ser anunciado;0;0;TBA;0;0;Pending;1;ForeignLanguage;Portuguese;2021-03-16;2023-04-27T17:33:17.694Z
Trollhunters: Tales of Arcadia;childrens-animation;childrens-animation;2023-04-27;3 parts, 52 episodes;0;52;23 min.;23;23;Ended;0;Children;English;2021-03-16;2023-04-27T17:33:17.694Z
Fastest Car;Motoring television series;motoring,television,series;2023-04-27;1 season, 8 episodes;1;8;43–52 min.;43;52;Renewed;1;Reality;English;2021-03-16;2023-04-27T17:33:17.694Z
Blazing Transfer Students;Action comedy;action,comedy;2023-04-27;1 season, 8 episodes;1;8;23–28 min.;23;28;Ended;0;ForeignLanguage;Japanese;2021-03-16;2023-04-27T17:33:17.694Z
Popples;childrens-animation;childrens-animation;2023-04-27;3 seasons, 26 episodes;3;26;24 min.;24;24;Ended;0;Children;English;2021-03-16;2023-04-27T17:33:17.694Z
Drug Lords;Documentary;documentary;2023-04-27;2 seasons, 8 episodes;2;8;42–47 min.;42;47;Ended;0;DocuSeries;English;2021-03-16;2023-04-27T17:33:17.694Z
You vs. Wild;Interactive Reality;interactive,reality;2023-04-27;1 season, 8 episodes;1;8;14–26 min.;14;26;Pending;1;Reality;English;2021-03-16;2023-04-27T17:33:17.694Z
Estocolmo;Crime drama;crime,drama;2023-04-27;1 season, 13 episodes;1;13;37–49 min.;37;49;Ended;0;ForeignLanguage;Spanish;2021-03-16;2023-04-27T17:33:17.694Z
Cricket Fever: Mumbai Indians;Sport;sport;2023-04-27;1 season, 8 episodes;1;8;33–44 min.;33;44;Pending;1;DocuSeries;English;2021-03-16;2023-04-27T17:33:17.694Z
Home: Adventures with Tip & Oh;childrens-animation;childrens-animation;2023-04-27;4 seasons, 52 episodes;4;52;22–24 min.;22;24;Ended;0;Children;English;2021-03-16;2023-04-27T17:33:17.694Z
Five Came Back;Historical drama;historical,drama;2023-04-27;3 episodes;0;3;59–69 min.;59;69;Miniseries;0;DocuSeries;English;2021-03-16;2023-04-27T17:33:17.694Z
When They See Us;Drama;drama;2023-04-27;4 episodes;0;4;64–88 min.;64;88;Miniseries;0;Drama;English;2021-03-16;2023-04-27T17:33:17.694Z
The Society;Mystery drama;mystery,drama;2023-04-27;1 season, 10 episodes;1;10;49–61 min.;49;61;Pending;1;Drama;English;2021-03-16;2023-04-27T17:33:17.694Z
Lego Elves: Secrets of Elvendale;childrens-animation;childrens-animation;2023-04-27;1 season, 8 episodes;1;8;24–25 min.;24;24;Ended;0;Children;English;2021-03-16;2023-04-27T17:33:17.694Z
Crime Diaries: The Candidate;Crime anthology series;crime,anthology,series;2023-04-27;8 episodes;0;8;32–48 min.;32;48;Miniseries;0;ForeignLanguage;Spanish;2021-03-16;2023-04-27T17:33:17.694Z
Stranger Things;Science fiction/horror;science-fiction,horror;2023-04-27;2 seasons, 17 episodes;2;17;42–62 min.;42;62;Renewed;1;Drama;English;2021-03-16;2023-04-27T17:33:17.694Z
Medal of Honor;Docu-series;docu-series;2023-04-27;1 season, 8 episodes;1;8;46–61 min.;46;61;Pending;1;DocuSeries;English;2021-03-16;2023-04-27T17:33:17.694Z
Chelsea;Late-night;late-night;2023-04-27;2 seasons, 120 episodes;2;120;27–64 min.;27;64;Ended;0;VarietyTalk;English;2021-03-16;2023-04-27T17:33:17.694Z
Grace and Frankie;Comedy-drama;comedy-drama;2023-04-27;5 seasons, 65 episodes;5;65;25–35 min.;25;35;Renewed;1;Comedy;English;2021-03-16;2023-04-27T17:33:17.694Z
Dawn of the Croods;childrens-animation;childrens-animation;2023-04-27;4 seasons, 52 episodes;4;52;23 min.;23;23;Ended;0;Children;English;2021-03-16;2023-04-27T17:33:17.694Z
No Good Nick;Sitcom;sitcom;2023-04-27;1 part, 10 episodes;0;10;26–32 min.;26;32;Renewed;1;Children;English;2021-03-16;2023-04-27T17:33:17.694Z
The Chef Show;Culinary art;culinary,art;2023-04-27;1 season, 8 episodes;1;8;26–33 min.;26;33;Pending;1;DocuSeries;English;2021-03-16;2023-04-27T17:33:17.694Z
Buddy Thunderstruck;childrens-animation;childrens-animation;2023-04-27;1 season, 12 episodes;1;12;13–24 min.;13;24;Ended;0;Children;English;2021-03-16;2023-04-27T17:33:17.694Z
Aggretsuko;Comedy;comedy;2023-04-27;2 seasons, 20 episodes;2;20;15–20 min.;15;20;Pending;1;Anime;English;2021-03-16;2023-04-27T17:33:17.694Z
Rilakkuma and Kaoru;Stop motion slice of life;stop,motion,slice,of,life;2023-04-27;1 season, 13 episodes;1;13;11–14 min.;11;14;Pending;1;Anime;English;2021-03-16;2023-04-27T17:33:17.694Z
Vai Anitta;Docu-series;docu-series;2023-04-27;1 season, 6 episodes;1;6;25–35 min.;25;35;Pending;1;DocuSeries;English;2021-03-16;2023-04-27T17:33:17.694Z
Stay Here;Reality;reality;2023-04-27;1 season, 8 episodes;1;8;31–33 min.;31;33;Pending;1;Reality;English;2021-03-16;2023-04-27T17:33:17.694Z
Insatiable;Dark comedy-drama;dark,comedy-drama;2023-04-27;1 season, 12 episodes;1;12;40–53 min.;40;53;Renewed;1;Drama;English;2021-03-16;2023-04-27T17:33:17.694Z
November 13: Attack on Paris;Documentary;documentary;2023-04-27;3 episodes;0;3;47–59 min.;47;59;Miniseries;0;DocuSeries;English;2021-03-16;2023-04-27T17:33:17.694Z
Exhibit A;True crime;true,crime;2023-04-27;a ser anunciado;0;0;TBA;0;0;Pending;1;DocuSeries;English;2021-03-16;2023-04-27T17:33:17.694Z
Turbo Fast;childrens-animation;childrens-animation;2023-04-27;3 seasons, 52 episodes;3;52;23 min.;23;23;Ended;0;Children;English;2021-03-16;2023-04-27T17:33:17.694Z
Most Beautiful Thing;Period drama;period,drama;2023-04-27;1 season, 7 episodes;1;7;35–56 min.;35;56;Renewed;1;ForeignLanguage;Portuguese;2021-03-16;2023-04-27T17:33:17.694Z
Chef's Table;Culinary art;culinary,art;2023-04-27;6 volumes, 30 episodes;0;30;42–58 min.;42;58;Renewed;1;DocuSeries;English;2021-03-16;2023-04-27T17:33:17.694Z
Flint Town;Documentary;documentary;2023-04-27;8 episodes;0;8;35–48 min.;35;48;Miniseries;0;DocuSeries;English;2021-03-16;2023-04-27T17:33:17.694Z
Special;Comedy;comedy;2023-04-27;1 season, 8 episodes;1;8;12–17 min.;12;17;Pending;1;Comedy;English;2021-03-16;2023-04-27T17:33:17.694Z
Luke Cage;Neo-blaxploitation/neo-western;neo-blaxploitation,neo-western;2023-04-27;2 seasons, 26 episodes;2;26;46–69 min.;46;69;Ended;0;Marvel;English;2021-03-16;2023-04-27T17:33:17.694Z
Disenchantment;Medieval fantasy comedy;medieval,fantasy,comedy;2023-04-27;1 part, 10 episodes;0;10;27–36 min.;27;36;Renewed;1;Animation;English;2021-03-16;2023-04-27T17:33:17.694Z
Bobby Kennedy for President;History;history;2023-04-27;4 chapters;0;0;59–66 min.;59;66;Miniseries;0;DocuSeries;English;2021-03-16;2023-04-27T17:33:17.694Z
Narcos;Crime drama;crime,drama;2023-04-27;3 seasons, 30 episodes;3;30;43–60 min.;43;60;Ended;0;Drama;English;2021-03-16;2023-04-27T17:33:17.694Z
Lost Song;Musical fantasy;musical,fantasy;2023-04-27;1 season, 12 episodes;1;12;23–24 min.;23;24;Ended;0;Anime;English;2021-03-16;2023-04-27T17:33:17.694Z
Ultraman;Science fiction;science-fiction;2023-04-27;1 season, 13 episodes;1;13;23–25 min.;23;25;Renewed;1;Anime;English;2021-03-16;2023-04-27T17:33:17.694Z
72 Dangerous Animals: Asia;Nature;nature;2023-04-27;1 season, 12 episodes;1;12;44–48 min.;44;48;Pending;1;DocuSeries;English;2021-03-16;2023-04-27T17:33:17.694Z
Chasing Cameron;Celebrity;celebrity;2023-04-27;1 season, 10 episodes;1;10;26–33 min.;26;33;Ended;0;Reality;English;2021-03-16;2023-04-27T17:33:17.694Z
Haunted;Horror;horror;2023-04-27;1 season, 6 episodes;1;6;20–31 min.;20;31;Pending;1;Reality;English;2021-03-16;2023-04-27T17:33:17.694Z
Examination of Conscience;True crime;true,crime;2023-04-27;1 season, 3 episodes;1;3;51–54 min.;51;54;Pending;1;DocuSeries;English;2021-03-16;2023-04-27T17:33:17.694Z
Dogs of Berlin;Drama;drama;2023-04-27;1 season, 10 episodes;1;10;51–62 min.;51;62;Pending;1;ForeignLanguage;German;2021-03-16;2023-04-27T17:33:17.694Z
Wet Hot American Summer: Ten Years Later;Satirical comedy;satirical,comedy;2023-04-27;8 episodes;0;8;24–31 min.;24;31;Miniseries;0;Comedy;English;2021-03-16;2023-04-27T17:33:17.694Z
Santa Clarita Diet;Comedy-horror;comedy-horror;2023-04-27;3 seasons, 30 episodes;3;30;26–35 min.;26;35;Ended;0;Comedy;English;2021-03-16;2023-04-27T17:33:17.694Z
VeggieTales in the House;childrens-animation;childrens-animation;2023-04-27;4 seasons, 52 episodes;4;52;23 min.;23;23;Ended;0;Children;English;2021-03-16;2023-04-27T17:33:17.694Z
How to Sell Drugs Online (Fast);Dark comedy;dark,comedy;2023-04-27;1 season, 6 episodes;1;6;24–32 min.;24;32;Pending;1;ForeignLanguage;German;2021-03-16;2023-04-27T17:33:17.694Z
Kong: King of the Apes;childrens-animation;childrens-animation;2023-04-27;2 seasons, 23 episodes;2;23;22–85 min.;22;85;Ended;0;Children;English;2021-03-16;2023-04-27T17:33:17.694Z
Wild District;Crime drama;crime,drama;2023-04-27;1 season, 10 episodes;1;10;40–48 min.;40;48;Renewed;1;ForeignLanguage;Spanish;2021-03-16;2023-04-27T17:33:17.694Z
Afflicted;Docu-series;docu-series;2023-04-27;1 season, 7 episodes;1;7;37–46 min.;37;46;Pending;1;DocuSeries;English;2021-03-16;2023-04-27T17:33:17.694Z
Dear White People;Satire/Drama;satire,drama;2023-04-27;2 volumes, 20 episodes;0;20;21–36 min.;21;36;Renewed;1;Comedy;English;2021-03-16;2023-04-27T17:33:17.694Z
Another Life;Science-fiction;science-fiction;2023-04-27;a ser anunciado;0;0;TBA;0;0;Pending;1;Drama;English;2021-03-16;2023-04-27T17:33:17.694Z
The Naked Director;Drama;drama;2023-04-27;a ser anunciado;0;0;TBA;0;0;Pending;1;ForeignLanguage;Japanese;2021-03-16;2023-04-27T17:33:17.694Z
Altered Carbon;Science fiction;science-fiction;2023-04-27;1 season, 10 episodes;1;10;46–66 min.;46;66;Renewed;1;Drama;English;2021-03-16;2023-04-27T17:33:17.694Z
Dark;Science fiction;science-fiction;2023-04-27;2 seasons, 18 episodes;2;18;45–61 min.;45;61;Renewed;1;ForeignLanguage;German;2021-03-16;2023-04-27T17:33:17.694Z
What/If;Social thriller anthology;social,thriller,anthology;2023-04-27;1 part, 10 episodes;0;10;44–58 min.;44;58;Pending;1;Drama;English;2021-03-16;2023-04-27T17:33:17.694Z
Stretch Armstrong and the Flex Fighters;childrens-animation;childrens-animation;2023-04-27;2 seasons, 23 episodes;2;23;23 min.;23;23;Pending;1;Children;English;2021-03-16;2023-04-27T17:33:17.694Z
Wild Wild Country;Documentary;documentary;2023-04-27;6 episodes;0;6;64–72 min.;64;72;Miniseries;0;DocuSeries;English;2021-03-16;2023-04-27T17:33:17.694Z
The Punisher;Crime drama/conspiracy thriller;crime,drama,conspiracy,thriller;2023-04-27;2 seasons, 26 episodes;2;26;47–58 min.;47;58;Ended;0;Marvel;English;2021-03-16;2023-04-27T17:33:17.694Z
Motown Magic;childrens-animation;childrens-animation;2023-04-27;1 season, 25 episodes;1;25;15–26 min.;15;26;Renewed;1;Children;English;2021-03-16;2023-04-27T17:33:17.694Z
Sacred Games;Drama;drama;2023-04-27;1 season, 8 episodes;1;8;43–55 min.;43;55;Renewed;1;ForeignLanguage;Hindi;2021-03-16;2023-04-27T17:33:17.694Z
The Innocent Man;True crime;true,crime;2023-04-27;6 episodes;0;6;42–52 min.;42;52;Miniseries;0;DocuSeries;English;2021-03-16;2023-04-27T17:33:17.694Z
A Little Help with Carol Burnett;Variety show;variety,show;2023-04-27;1 season, 12 episodes;1;12;21–29 min.;21;29;Ended;0;VarietyTalk;English;2021-03-16;2023-04-27T17:33:17.694Z
Narcos: Mexico;Crime drama;crime,drama;2023-04-27;1 season, 10 episodes;1;10;55–70 min.;55;70;Renewed;1;Drama;English;2021-03-16;2023-04-27T17:33:17.694Z
Death by Magic;Reality;reality;2023-04-27;1 season, 8 episodes;1;8;31–39 min.;31;39;Pending;1;Reality;English;2021-03-16;2023-04-27T17:33:17.694Z
Skylanders Academy;childrens-animation;childrens-animation;2023-04-27;3 seasons, 38 episodes;3;38;24–44 min.;24;44;Ended;0;Children;English;2021-03-16;2023-04-27T17:33:17.694Z
Made In Mexico;Spanish language reality series;spanish,language,reality,series;2023-04-27;1 season, 8 episodes;1;8;45–54 min.;45;54;Pending;1;Reality;English;2021-03-16;2023-04-27T17:33:17.694Z
Follow This;Docu-series;docu-series;2023-04-27;3 parts, 20 episodes;0;20;15–20 min.;15;20;Ended;0;DocuSeries;English;2021-03-16;2023-04-27T17:33:17.694Z
Inside the Real Narcos;Docu-series;docu-series;2023-04-27;1 season, 3 episodes;1;3;45–46 min.;45;46;Pending;1;DocuSeries;English;2021-03-16;2023-04-27T17:33:17.694Z
Sword Gai: The Animation;Supernatural;supernatural;2023-04-27;2 seasons, 24 episodes;2;24;22–23 min.;22;23;Pending;1;Anime;English;2021-03-16;2023-04-27T17:33:17.694Z
Gilmore Girls: A Year in the Life;Family drama;family,drama;2023-04-27;4 episodes;0;4;88–102 min.;88;102;Miniseries;0;Drama;English;2021-03-16;2023-04-27T17:33:17.694Z
Cable Girls;Period drama;period,drama;2023-04-27;3 seasons, 24 episodes;3;24;41–63 min.;41;63;Renewed;1;ForeignLanguage;Spanish;2021-03-16;2023-04-27T17:33:17.694Z
Julie's Greenroom;Educational;educational;2023-04-27;1 season, 13 episodes;1;13;27–34 min.;27;34;Ended;0;Children;English;2021-03-16;2023-04-27T17:33:17.694Z
The Magic School Bus Rides Again;childrens-animation;childrens-animation;2023-04-27;2 seasons, 26 episodes;2;26;25 min.;25;25;Ended;0;Children;English;2021-03-16;2023-04-27T17:33:17.694Z
The Hook Up Plan;Romantic comedy;romantic,comedy;2023-04-27;1 season, 8 episodes;1;8;24–29 min.;24;29;Renewed;1;ForeignLanguage;French;2021-03-16;2023-04-27T17:33:17.694Z
Dinotrux;childrens-animation;childrens-animation;2023-04-27;5 seasons, 52 episodes;5;52;23 min.;23;23;Ended;0;Children;English;2021-03-16;2023-04-27T17:33:17.694Z
Dance & Sing with True;chrildrens musical short;chrildrens,musical,short;2023-04-27;1 season, 11 episodes;1;11;2 min.;2;2;Pending;1;Children;English;2021-03-16;2023-04-27T17:33:17.694Z
Huge in France;Comedy;comedy;2023-04-27;1 season, 8 episodes;1;8;28–34 min.;28;34;Pending;1;Comedy;English;2021-03-16;2023-04-27T17:33:17.694Z
Devilman Crybaby;Supernatural horror;supernatural,horror;2023-04-27;10 episodes;0;10;24–28 min.;24;28;Miniseries;0;Anime;English;2021-03-16;2023-04-27T17:33:17.694Z
All Hail King Julien: Exiled;childrens-animation;childrens-animation;2023-04-27;1 season, 13 episodes;1;13;23 min.;23;23;Ended;0;Children;English;2021-03-16;2023-04-27T17:33:17.694Z
Delhi Crime;Police procedural;police,procedural;2023-04-27;1 season, 7 episodes;1;7;45–64 min.;45;64;Pending;1;ForeignLanguage;Hindi;2021-03-16;2023-04-27T17:33:17.694Z
House of Cards;Political drama;political,drama;2023-04-27;6 seasons, 73 episodes;6;73;42–59 min.;42;59;Ended;0;Drama;English;2021-03-16;2023-04-27T17:33:17.694Z
Easy;Romantic comedy anthology;romantic,comedy,anthology;2023-04-27;3 seasons, 25 episodes;3;25;26–52 min.;26;52;Ended;0;Comedy;English;2021-03-16;2023-04-27T17:33:17.694Z
On My Block;Coming-of-age comedy;coming-of-age,comedy;2023-04-27;2 seasons, 20 episodes;2;20;23–32 min.;23;32;Renewed;1;Comedy;English;2021-03-16;2023-04-27T17:33:17.694Z
Murder Mountain;True crime;true,crime;2023-04-27;1 season, 6 episodes;1;6;43 min.;0;0;Pending;1;DocuSeries;English;2021-03-16;2023-04-27T17:33:17.694Z
The Final Table;Culinary competition;culinary,competition;2023-04-27;1 season, 10 episodes;1;10;48–60 min.;48;60;Pending;1;Reality;English;2021-03-16;2023-04-27T17:33:17.694Z
Flinch;Reality television/game show;reality,television,game,show;2023-04-27;1 season, 10 episodes;1;10;20–25 min.;20;25;Pending;1;Reality;English;2021-03-16;2023-04-27T17:33:17.694Z
Kengan Ashura;Action;action;2023-04-27;a ser anunciado;0;0;TBA;0;0;Pending;1;Anime;English;2021-03-16;2023-04-27T17:33:17.694Z
Luna Petunia;childrens-animation;childrens-animation;2023-04-27;3 seasons, 22 episodes;3;22;23–24 min.;23;24;Ended;0;Children;English;2021-03-16;2023-04-27T17:33:17.694Z
7 Days Out;Docu-series;docu-series;2023-04-27;1 season, 6 episodes;1;6;47–48 min.;47;48;Pending;1;DocuSeries;English;2021-03-16;2023-04-27T17:33:17.694Z
All About the Washingtons;Comedy;comedy;2023-04-27;1 season, 10 episodes;1;10;22–27 min.;22;27;Ended;0;Comedy;English;2021-03-16;2023-04-27T17:33:17.694Z
Big Mouth;Coming-of-age comedy;coming-of-age,comedy;2023-04-27;2 seasons, 21 episodes;2;21;25–46 min.;25;46;Renewed;1;Animation;English;2021-03-16;2023-04-27T17:33:17.694Z
Harvey Girls Forever!;childrens-animation;childrens-animation;2023-04-27;2 seasons, 26 episodes;2;26;24 min.;24;24;Pending;1;Children;English;2021-03-16;2023-04-27T17:33:17.694Z
W/ Bob & David;Sketch comedy;sketch,comedy;2023-04-27;1 season, 5 episodes;1;5;27–33 min.;27;33;Ended;0;Comedy;English;2021-03-16;2023-04-27T17:33:17.694Z
Lego Friends: The Power of Friendship;childrens-animation;childrens-animation;2023-04-27;2 seasons, 4 episodes;2;4;22 min.;22;22;Ended;0;Children;English;2021-03-16;2023-04-27T17:33:17.694Z
Club de Cuervos Presents: The Ballad of Hugo Sánchez;Comedy;comedy;2023-04-27;1 season, 6 episodes;1;6;29–37 min.;29;37;Ended;0;ForeignLanguage;Spanish;2021-03-16;2023-04-27T17:33:17.694Z
Trailer Park Boys Out of the Park: USA;Mockumentary;mockumentary;2023-04-27;1 season, 8 episodes;1;8;23–35 min.;23;35;Ended;0;Comedy;English;2021-03-16;2023-04-27T17:33:17.694Z
Kulipari: Dream Walker;childrens-animation;childrens-animation;2023-04-27;1 season, 10 episodes;1;10;23 min.;23;23;Pending;1;Children;English;2021-03-16;2023-04-27T17:33:17.694Z
Haters Back Off;Comedy;comedy;2023-04-27;2 seasons, 16 episodes;2;16;24–36 min.;24;36;Ended;0;Comedy;English;2021-03-16;2023-04-27T17:33:17.694Z
Sunderland 'Til I Die;Sport;sport;2023-04-27;1 season, 8 episodes;1;8;37–46 min.;37;46;Pending;1;DocuSeries;English;2021-03-16;2023-04-27T17:33:17.694Z
True: Wonderful Wishes;childrens-animation;childrens-animation;2023-04-27;1 season, 5 episodes;1;5;24 min.;24;24;Ended;0;Children;English;2021-03-16;2023-04-27T17:33:17.694Z
Magic for Humans;Reality;reality;2023-04-27;1 season, 6 episodes;1;6;22–25 min.;22;25;Renewed;1;Reality;English;2021-03-16;2023-04-27T17:33:17.694Z
Care Bears and Cousins;childrens-animation;childrens-animation;2023-04-27;2 seasons, 12 episodes;2;12;22 min.;22;22;Ended;0;Children;English;2021-03-16;2023-04-27T17:33:17.694Z
Dark Tourist;Travel documentary;travel,documentary;2023-04-27;1 season, 8 episodes;1;8;39–42 min.;39;42;Pending;1;DocuSeries;English;2021-03-16;2023-04-27T17:33:17.694Z
Super Monsters Monster Party;chrildrens musical short;chrildrens,musical,short;2023-04-27;1 season, 4 episodes;1;4;2 min.;2;2;Pending;1;Children;English;2021-03-16;2023-04-27T17:33:17.694Z
Master of None;Comedy;comedy;2023-04-27;2 seasons, 20 episodes;2;20;21–57 min.;21;57;Ended;0;Comedy;English;2021-03-16;2023-04-27T17:33:17.694Z
Netflix Presents: The Characters;Sketch comedy;sketch,comedy;2023-04-27;1 season, 8 episodes;1;8;27–38 min.;27;38;Ended;0;Comedy;English;2021-03-16;2023-04-27T17:33:17.694Z
The Umbrella Academy;Superhero action;superhero,action;2023-04-27;1 season, 10 episodes;1;10;45–60 min.;45;60;Renewed;1;Drama;English;2021-03-16;2023-04-27T17:33:17.694Z
Kulipari: An Army of Frogs;childrens-animation;childrens-animation;2023-04-27;1 season, 13 episodes;1;13;22–23 min.;22;23;Ended;0;Children;English;2021-03-16;2023-04-27T17:33:17.694Z
Nailed It! Holiday;Reality competition;reality,competition;2023-04-27;1 season, 7 episodes;1;7;33–35 min.;33;35;Pending;1;Reality;English;2021-03-16;2023-04-27T17:33:17.694Z
Marseille;Political drama;political,drama;2023-04-27;2 seasons, 16 episodes;2;16;35–53 min.;35;53;Ended;0;ForeignLanguage;French;2021-03-16;2023-04-27T17:33:17.694Z
Trigger Warning with Killer Mike;Docu-series;docu-series;2023-04-27;1 season, 6 episodes;1;6;22–27 min.;22;27;Pending;1;DocuSeries;English;2021-03-16;2023-04-27T17:33:17.694Z
The Alcàsser Murders;True crime;true,crime;2023-04-27;1 season, 5 episodes;1;5;53–66 min.;53;66;Pending;1;DocuSeries;English;2021-03-16;2023-04-27T17:33:17.694Z
Queer Eye;Makeover reality;makeover,reality;2023-04-27;3 seasons, 24 episodes;3;24;43–52 min.;43;52;Renewed;1;Reality;English;2021-03-16;2023-04-27T17:33:17.694Z
The Ranch;Sitcom;sitcom;2023-04-27;6 parts, 60 episodes;0;60;25–36 min.;25;36;Renewed;1;Comedy;English;2021-03-16;2023-04-27T17:33:17.694Z
True Tunes;chrildrens musical short;chrildrens,musical,short;2023-04-27;a ser anunciado;0;0;TBA;0;0;Pending;1;Children;English;2021-03-16;2023-04-27T17:33:17.694Z
The Haunting;Horror anthology;horror,anthology;2023-04-27;1 season, 10 episodes;1;10;43–71 min.;43;71;Renewed;1;Drama;English;2021-03-16;2023-04-27T17:33:17.694Z
Trolls: The Beat Goes On!;childrens-animation;childrens-animation;2023-04-27;6 seasons, 38 episodes;6;38;24–25 min.;24;25;Pending;1;Children;English;2021-03-16;2023-04-27T17:33:17.694Z
Ultimate Beastmaster;Competition;competition;2023-04-27;3 seasons, 29 episodes;3;29;41–84 min.;41;84;Pending;1;Reality;English;2021-03-16;2023-04-27T17:33:17.694Z
Word Party;childrens-animation;childrens-animation;2023-04-27;3 seasons, 40 episodes;3;40;13 min.;13;13;Renewed;1;Children;English;2021-03-16;2023-04-27T17:33:17.694Z
The Who Was? Show;Educational;educational;2023-04-27;1 season, 13 episodes;1;13;23–27 min.;23;27;Pending;1;Children;English;2021-03-16;2023-04-27T17:33:17.694Z
Paradise PD;Comedy;comedy;2023-04-27;1 season, 10 episodes;1;10;27–30 min.;27;30;Renewed;1;Animation;English;2021-03-16;2023-04-27T17:33:17.694Z
Ingobernable;Political drama;political,drama;2023-04-27;2 seasons, 27 episodes;2;27;32–50 min.;32;50;Pending;1;ForeignLanguage;Spanish;2021-03-16;2023-04-27T17:33:17.694Z
Prince of Peoria;Sitcom;sitcom;2023-04-27;2 parts, 16 episodes;0;16;24–28 min.;24;28;Pending;1;Children;English;2021-03-16;2023-04-27T17:33:17.694Z
Abstract: The Art of Design;Biography;biography;2023-04-27;1 season, 8 episodes;1;8;41–48 min.;41;48;Ended;0;DocuSeries;English;2021-03-16;2023-04-27T17:33:17.694Z
Unbreakable Kimmy Schmidt;Comedy;comedy;2023-04-27;4 seasons, 51 episodes;4;51;23–53 min.;23;53;Ended;0;Comedy;English;2021-03-16;2023-04-27T17:33:17.694Z
Russian Doll;Comedy;comedy;2023-04-27;1 season, 8 episodes;1;8;25–30 min.;25;30;Renewed;1;Comedy;English;2021-03-16;2023-04-27T17:33:17.694Z
Mr. Iglesias;Comedy;comedy;2023-04-27;1 season, 10 episodes;1;10;26–31 min.;26;31;Pending;1;Comedy;English;2021-03-16;2023-04-27T17:33:17.694Z
Project Mc2;Comedy;comedy;2023-04-27;6 parts, 26 episodes;0;26;22–34 min.;22;34;Ended;0;Children;English;2021-03-16;2023-04-27T17:33:17.694Z
Brainchild;Educational;educational;2023-04-27;1 season, 13 episodes;1;13;22–25 min.;22;25;Pending;1;Children;English;2021-03-16;2023-04-27T17:33:17.694Z
Family Reunion[64];Comedy;comedy;2023-04-27;a ser anunciado;0;0;TBA;0;0;Pending;1;Comedy;English;2021-03-16;2023-04-27T17:33:17.694Z
Neo Yokio;Science fantasy comedy;science,fantasy,comedy;2023-04-27;2 seasons, 7 episodes;2;7;20–65 min.;20;65;Ended;0;Anime;English;2021-03-16;2023-04-27T17:33:17.694Z
Greenhouse Academy;Science fiction/teen drama;science-fiction,teen,drama;2023-04-27;2 seasons, 24 episodes;2;24;21–28 min.;21;28;Renewed;1;Children;English;2021-03-16;2023-04-27T17:33:17.694Z
F Is for Family;Sitcom;sitcom;2023-04-27;3 seasons, 26 episodes;3;26;25–28 min.;25;28;Renewed;1;Animation;English;2021-03-16;2023-04-27T17:33:17.694Z
Gypsy;Psychological thriller;psychological,thriller;2023-04-27;1 season, 10 episodes;1;10;46–58 min.;46;58;Ended;0;Drama;English;2021-03-16;2023-04-27T17:33:17.694Z
Ozark;Crime drama;crime,drama;2023-04-27;2 seasons, 20 episodes;2;20;52–80 min.;52;80;Renewed;1;Drama;English;2021-03-16;2023-04-27T17:33:17.694Z
American Vandal;Mockumentary;mockumentary;2023-04-27;2 seasons, 16 episodes;2;16;26–42 min.;26;42;Ended;0;Comedy;English;2021-03-16;2023-04-27T17:33:17.694Z
Beyond Stranger Things;Aftershow;aftershow;2023-04-27;1 season, 7 episodes;1;7;15–25 min.;15;25;Pending;1;VarietyTalk;English;2021-03-16;2023-04-27T17:33:17.694Z
The OA;Mystery;mystery;2023-04-27;2 parts, 16 episodes;0;16;31–71 min.;31;71;Pending;1;Drama;English;2021-03-16;2023-04-27T17:33:17.694Z
True: Magical Friends;childrens-animation;childrens-animation;2023-04-27;1 season, 5 episodes;1;5;24 min.;24;24;Ended;0;Children;English;2021-03-16;2023-04-27T17:33:17.694Z
Osmosis;Science fiction/drama;science-fiction,drama;2023-04-27;1 season, 8 episodes;1;8;41–45 min.;41;45;Pending;1;ForeignLanguage;French;2021-03-16;2023-04-27T17:33:17.694Z
Bloodline;Thriller;thriller;2023-04-27;3 seasons, 33 episodes;3;33;48–68 min.;48;68;Ended;0;Drama;English;2021-03-16;2023-04-27T17:33:17.694Z
Chilling Adventures of Sabrina;Supernatural coming-of-age horror;supernatural,coming-of-age,horror;2023-04-27;2 parts, 20 episodes;0;20;50–64 min.;50;64;Renewed;1;Drama;English;2021-03-16;2023-04-27T17:33:17.694Z
One Day at a Time;Sitcom;sitcom;2023-04-27;3 seasons, 39 episodes;3;39;25–35 min.;25;35;Ended;0;Comedy;English;2021-03-16;2023-04-27T17:33:17.694Z
Last Chance U;Sport;sport;2023-04-27;3 parts, 23 episodes;0;23;50–76 min.;50;76;Renewed;1;DocuSeries;English;2021-03-16;2023-04-27T17:33:17.694Z
Daughters of Destiny;Documentary;documentary;2023-04-27;4 episodes;0;4;56–65 min.;56;65;Miniseries;0;DocuSeries;English;2021-03-16;2023-04-27T17:33:17.694Z
The Dark Crystal: Age of Resistance;Fantasy;fantasy;2023-04-27;1 season, 10 episodes;1;10;TBA;0;0;Pending;1;Drama;English;2021-03-16;2023-04-27T17:33:17.694Z
First Team: Juventus;Sport;sport;2023-04-27;2 parts, 6 episodes;0;6;37–42 min.;37;42;Pending;1;DocuSeries;English;2021-03-16;2023-04-27T17:33:17.694Z
Tidelands;Supernatural crime drama;supernatural,crime,drama;2023-04-27;1 season, 8 episodes;1;8;36–48 min.;36;48;Pending;1;Drama;English;2021-03-16;2023-04-27T17:33:17.694Z
Busted!;Korean language variety show;korean,language,variety,show;2023-04-27;1 season, 10 episodes;1;10;75–98 min.;75;98;Renewed;1;VarietyTalk;Korean;2021-03-16;2023-04-27T17:33:17.694Z
1983;Spy thriller;spy,thriller;2023-04-27;1 season, 8 episodes;1;8;50–63 min.;50;63;Renewed;1;ForeignLanguage;Polish;2021-03-16;2023-04-27T17:33:17.694Z
The Chosen One;Thriller drama;thriller,drama;2023-04-27;a ser anunciado;0;0;TBA;0;0;Pending;1;ForeignLanguage;Portuguese;2021-03-16;2023-04-27T17:33:17.694Z
Love;Romantic comedy;romantic,comedy;2023-04-27;3 seasons, 34 episodes;3;34;24–40 min.;24;40;Ended;0;Comedy;English;2021-03-16;2023-04-27T17:33:17.694Z
The Mr. Peabody & Sherman Show;childrens-animation;childrens-animation;2023-04-27;4 seasons, 52 episodes;4;52;23 min.;23;23;Ended;0;Children;English;2021-03-16;2023-04-27T17:33:17.694Z
Somebody Feed Phil;Travel documentary;travel,documentary;2023-04-27;2 seasons, 12 episodes;2;12;55–63 min.;55;63;Renewed;1;DocuSeries;English;2021-03-16;2023-04-27T17:33:17.694Z
Atypical;Coming-of-age comedy;coming-of-age,comedy;2023-04-27;2 seasons, 18 episodes;2;18;26–38 min.;26;38;Renewed;1;Comedy;English;2021-03-16;2023-04-27T17:33:17.694Z
True and the Rainbow Kingdom;childrens-animation;childrens-animation;2023-04-27;2 seasons, 14 episodes;2;14;24 min.;24;24;Renewed;1;Children;English;2021-03-16;2023-04-27T17:33:17.694Z
Edha;Drama;drama;2023-04-27;1 season, 10 episodes;1;10;38–43 min.;38;43;Ended;0;ForeignLanguage;Spanish;2021-03-16;2023-04-27T17:33:17.694Z
Wormwood;Psychological drama;psychological,drama;2023-04-27;6 chapters;0;0;41–48 min.;41;48;Miniseries;0;DocuSeries;English;2021-03-16;2023-04-27T17:33:17.694Z
Fire Chasers;Miniseries;miniseries;2023-04-27;4 episodes;0;4;50–58 min.;50;58;Miniseries;0;DocuSeries;English;2021-03-16;2023-04-27T17:33:17.694Z
Dancing Queen;Celebrity;celebrity;2023-04-27;1 season, 8 episodes;1;8;38–46 min.;38;46;Pending;1;Reality;English;2021-03-16;2023-04-27T17:33:17.694Z
Super Drags;Superhero-LGBT comedy;superhero-lgbt,comedy;2023-04-27;1 season, 5 episodes;1;5;23–26 min.;23;26;Ended;0;Animation;English;2021-03-16;2023-04-27T17:33:17.694Z
Love Alarm;Romantic comedy;romantic,comedy;2023-04-27;a ser anunciado;0;0;TBA;0;0;Pending;1;ForeignLanguage;Korean;2021-03-16;2023-04-27T17:33:17.694Z
Chelsea Does;Comedy;comedy;2023-04-27;1 season, 4 episodes;1;4;62–74 min.;62;74;Ended;0;DocuSeries;English;2021-03-16;2023-04-27T17:33:17.694Z
Hot Girls Wanted: Turned On;Documentary;documentary;2023-04-27;6 episodes;0;6;41–58 min.;41;58;Miniseries;0;DocuSeries;English;2021-03-16;2023-04-27T17:33:17.694Z
Sense8;Science fiction;science-fiction;2023-04-27;2 seasons, 24 episodes;2;24;45–152 min.;45;152;Ended;0;Drama;English;2021-03-16;2023-04-27T17:33:17.694Z
Tuca & Bertie;Comedy;comedy;2023-04-27;1 season, 10 episodes;1;10;25–26 min.;25;26;Pending;1;Animation;English;2021-03-16;2023-04-27T17:33:17.694Z
We're Lalaloopsy;childrens-animation;childrens-animation;2023-04-27;1 season, 13 episodes;1;13;22 min.;22;22;Ended;0;Children;English;2021-03-16;2023-04-27T17:33:17.694Z
She's Gotta Have It;Comedy-drama;comedy-drama;2023-04-27;2 seasons, 19 episodes;2;19;32–38 min.;32;38;Pending;1;Comedy;English;2021-03-16;2023-04-27T17:33:17.694Z
World of Winx;childrens-animation;childrens-animation;2023-04-27;2 seasons, 26 episodes;2;26;24 min.;24;24;Ended;0;Children;English;2021-03-16;2023-04-27T17:33:17.694Z
Spirit Riding Free;childrens-animation;childrens-animation;2023-04-27;8 seasons, 52 episodes;8;52;23 min.;23;23;Pending;1;Children;English;2021-03-16;2023-04-27T17:33:17.694Z
Marching Orders;Docu-series;docu-series;2023-04-27;1 season, 12 episodes;1;12;9–14 min.;9;14;Pending;1;DocuSeries;English;2021-03-16;2023-04-27T17:33:17.694Z
Disjointed;Comedy;comedy;2023-04-27;2 parts, 20 episodes;0;20;23–32 min.;23;32;Ended;0;Comedy;English;2021-03-16;2023-04-27T17:33:17.694Z
Lego Bionicle: The Journey to One;childrens-animation;childrens-animation;2023-04-27;2 seasons, 5 episodes;2;5;22 min.;22;22;Ended;0;Children;English;2021-03-16;2023-04-27T17:33:17.694Z
YG Future Strategy Office;Comedy;comedy;2023-04-27;1 season, 8 episodes;1;8;20–29 min.;20;29;Pending;1;ForeignLanguage;Korean;2021-03-16;2023-04-27T17:33:17.694Z
Cooking on High;Cooking show;cooking,show;2023-04-27;1 season, 12 episodes;1;12;13–15 min.;13;15;Ended;0;Reality;English;2021-03-16;2023-04-27T17:33:17.694Z
